cluster,ins_mean,ins_median,ins_var,ins_std,ins_p05,ins_p25,ins_p50,ins_p75,ins_p95,del_mean,del_median,del_var,del_std,del_p05,del_p25,del_p50,del_p75,del_p95
AC,0.771945680106182,0.7777248967753754,0.0010984240957905348,0.03314248173855625,0.7220632412943504,0.7472607142415002,0.7777248967753754,0.7934912472248818,0.8191567454626718,0.5769733578446087,0.5669012146653698,0.00271847238478871,0.05213897184245878,0.5078932036794823,0.5433072367063244,0.5669012146653698,0.6095669327881552,0.6587817939152139
AB,0.661454406947447,0.65367241116469,0.0009578962029902473,0.03094989827108075,0.6240253728910516,0.6353203188361611,0.65367241116469,0.683607833476622,0.7095863879075046,0.6988467067188103,0.7168123086185174,0.0015875475503326138,0.03984404033644949,0.6348242108257749,0.6640454416457593,0.7168123086185174,0.7340984400703721,0.7394467204831747
AA,0.710124725497695,0.6974584740333479,0.0030554808491120504,0.05527640408991933,0.6436225507696556,0.6615887535753677,0.6974584740333479,0.7625217556568247,0.7903137743353846,0.6211992872038122,0.5901096508422468,0.003775124829434892,0.06144204447635911,0.5540047384175286,0.5703279595050149,0.5901096508422468,0.6685295300664988,0.7125846991494859
