cluster,ins_mean,ins_median,ins_var,ins_std,ins_p05,ins_p25,ins_p50,ins_p75,ins_p95,del_mean,del_median,del_var,del_std,del_p05,del_p25,del_p50,del_p75,del_p95
AB,0.6230023494079272,0.6076998506354806,0.0016169640582884106,0.04021149161978962,0.5676976964326796,0.5996221351583144,0.6076998506354806,0.6605974517958908,0.6793606125909262,0.5496980178657078,0.5363259562677948,0.003395841512960523,0.05827384930618985,0.48073176041065735,0.5120053129128624,0.5363259562677948,0.5919210528271261,0.640359165340008
AA,0.5972733308849381,0.6142823645378818,0.00220050034808392,0.04690949102350099,0.5315940832285316,0.5537394426926071,0.6142823645378818,0.6379173579314894,0.6569672872388264,0.5376650812769123,0.5432375470976781,0.0018773674079368816,0.04332859803798043,0.48127821258237,0.49448513497190133,0.5432375470976781,0.57479094124194,0.5965437159596206
