cluster,ins_mean,ins_median,ins_var,ins_std,ins_p05,ins_p25,ins_p50,ins_p75,ins_p95,del_mean,del_median,del_var,del_std,del_p05,del_p25,del_p50,del_p75,del_p95
A,0.47020675284041025,0.47721542608259165,0.0008124902798662569,0.028504215124543545,0.4214078694598668,0.4544677827216521,0.47721542608259165,0.4947270501970824,0.501158173626542,0.3505731964246921,0.34889370271399167,0.0010660064166679248,0.03264975369995805,0.2940316747349042,0.3421434942129299,0.34889370271399167,0.37480672841502416,0.39380055300477124
