cluster,ins_mean,ins_median,ins_var,ins_std,ins_p05,ins_p25,ins_p50,ins_p75,ins_p95,del_mean,del_median,del_var,del_std,del_p05,del_p25,del_p50,del_p75,del_p95
AA,0.6527179199777312,0.6633773034257557,0.002250815033766557,0.04744275533489341,0.5856409259158388,0.6067783044193904,0.6633773034257557,0.6896259403009017,0.7134052058399367,0.32055103912265187,0.33397818009247465,0.0018327990124866037,0.042811201950968436,0.2511204416836315,0.29849561145239206,0.33397818009247465,0.34703696150262064,0.3751089662303734
