cluster,ins_mean,ins_median,ins_var,ins_std,ins_p05,ins_p25,ins_p50,ins_p75,ins_p95,del_mean,del_median,del_var,del_std,del_p05,del_p25,del_p50,del_p75,del_p95
AC,0.7367166839936373,0.7383624170056099,0.0005575224162789578,0.023611912592565596,0.6960312030111491,0.7338285912111155,0.7383624170056099,0.7498497781431877,0.7656696490315522,0.7151952068672557,0.7154886028740052,0.0015114119234855173,0.038876881607010576,0.6623360691337756,0.6900004259121268,0.7154886028740052,0.7350873636037134,0.7723403450301554
AB,0.8406593460872341,0.8463490126362431,0.0007027882243035174,0.026510153230479776,0.7979818382020132,0.8300895934279222,0.8463490126362431,0.8517681713477203,0.8784724219361886,0.4755339789792355,0.46797101486345705,0.0010000653138315188,0.03162380928717347,0.44021455526398773,0.44709435955346655,0.46797101486345705,0.5052598336725761,0.5229625201708742
AA,0.927485103257407,0.932381115479436,0.000474862380767071,0.021791337287258693,0.896170590399481,0.9138273167016784,0.932381115479436,0.9389873999780785,0.9578694245472582,0.7030139591738886,0.7124676783979605,0.0016166261462148472,0.040207289714861996,0.6481869776597453,0.6733304699161107,0.7124676783979605,0.7228718467964133,0.7624071252399713
