cluster,ins_mean,ins_median,ins_var,ins_std,ins_p05,ins_p25,ins_p50,ins_p75,ins_p95,del_mean,del_median,del_var,del_std,del_p05,del_p25,del_p50,del_p75,del_p95
AC,0.7194453954272156,0.7323221325888833,0.0016606391582441496,0.04075094058109763,0.6421152610521801,0.7047765336790732,0.7323221325888833,0.7485470505368208,0.7568677421726466,0.6208739176805829,0.6361056242809306,0.0022356957922402155,0.047283144906406296,0.5427989750540065,0.5922716606361145,0.6361056242809306,0.6529299061468568,0.6789505463688745
AB,0.7997544822601547,0.8047570321238838,0.002783715155104635,0.05276092450957086,0.7156536669113321,0.7660105742749823,0.8047570321238838,0.8421798392011157,0.8659727367535633,0.5217465733737306,0.5301129428623031,0.0038849731305595435,0.06232955262601797,0.43983471307854327,0.4622988829585287,0.5301129428623031,0.5753926650696546,0.6064063673327452
AA,0.8627202318935777,0.8639957642655508,0.0008441690277788516,0.029054587035076778,0.8137558330868915,0.8499451853925253,0.8639957642655508,0.8828054352643047,0.9008589463912453,0.610928743795707,0.6003726645213897,0.0028260035714601384,0.05316016903152339,0.5480804413011828,0.5794824967397227,0.6003726645213897,0.6243506697681596,0.70748377324106
