cluster,ins_mean,ins_median,ins_var,ins_std,ins_p05,ins_p25,ins_p50,ins_p75,ins_p95,del_mean,del_median,del_var,del_std,del_p05,del_p25,del_p50,del_p75,del_p95
AC,0.6202108060407249,0.6194058554922934,0.002285195947911826,0.04780372315951788,0.5556584935199484,0.5811437159949604,0.6194058554922934,0.6563011709201646,0.6862265987342575,0.6175033789292788,0.6294961791763184,0.0017244587809238578,0.04152660329143064,0.5598182195964554,0.5739826136206088,0.6294961791763184,0.6413898645877616,0.6749898134299821
AB,0.7776322750947025,0.7718518173413548,0.0012000081625218812,0.034641133967032334,0.7365085211726646,0.750342024979755,0.7718518173413548,0.8022564269120778,0.8344482698787592,0.5597714420170296,0.5805623012169289,0.0023944210348080235,0.04893282165181182,0.47765230893568256,0.5325393451899039,0.5805623012169289,0.5934540601087424,0.6207520804767237
AA,0.6181088451665856,0.6373958268758736,0.0026375589326854466,0.05135717021687864,0.5370797667764999,0.5717892261590609,0.6373958268758736,0.658036579513062,0.6739193172485136,0.5124446384753427,0.5264157001921292,0.0036689088163914195,0.06057151819453942,0.4356032202973066,0.458037039031283,0.5264157001921292,0.5574236970755605,0.5994566125431973
