cluster,ins_mean,ins_median,ins_var,ins_std,ins_p05,ins_p25,ins_p50,ins_p75,ins_p95,del_mean,del_median,del_var,del_std,del_p05,del_p25,del_p50,del_p75,del_p95
AA,0.592995903984463,0.586536452376857,0.0007546158340072679,0.0274702718225952,0.5583332132545904,0.5695429895774046,0.586536452376857,0.621308978990401,0.628740246608783,0.38391146032936896,0.3999731497026567,0.000961283331294363,0.03100456952280362,0.3258010652182886,0.36848063462301806,0.3999731497026567,0.4045219211244816,0.41167508465358627
