cluster,ins_mean,ins_median,ins_var,ins_std,ins_p05,ins_p25,ins_p50,ins_p75,ins_p95,del_mean,del_median,del_var,del_std,del_p05,del_p25,del_p50,del_p75,del_p95
AE,0.5632788608862624,0.5752046970481285,0.005043562242021065,0.07101804166562935,0.45491637536976987,0.516667554650521,0.5752046970481285,0.6156261104993274,0.6526547627365697,0.3857450173434792,0.3864864679987361,0.0031685023710170818,0.056289451685169946,0.3043789979432272,0.35625293256298707,0.3864864679987361,0.4031866996163859,0.47524134669419826
AC,0.5156073686567544,0.5303615288002723,0.0043741450807897285,0.06613731987909495,0.39846934109525367,0.48767569247935594,0.5303615288002723,0.5720735710085298,0.5892502350286346,0.38931728859765946,0.3759409960578167,0.0027241647431743804,0.052193531621977644,0.3137888032976228,0.3545735860814583,0.3759409960578167,0.43807238322808456,0.45731300355753535
AD,0.5760451362506727,0.5655471848007979,0.0021530013716501597,0.04640044581305399,0.5111972519526462,0.5522580864548077,0.5655471848007979,0.6174978442195164,0.6362889818548683,0.3434704727674467,0.3469909086817199,0.0009715732866517521,0.03117007036648702,0.29767380106040503,0.32180925769949875,0.3469909086817199,0.36177959753367356,0.3875087069010391
AB,0.6173116378627866,0.5954225066542213,0.0026033772417825302,0.051023300969091856,0.5616032114730678,0.5798866639431843,0.5954225066542213,0.6583822964973052,0.7003931190309052,0.3493414523003791,0.38529143486525463,0.002541865157731821,0.050416913409408765,0.2770939835161158,0.3042065486101918,0.38529143486525463,0.3935440738503037,0.4016112064596068
AA,0.5989344412316282,0.6034385898543685,0.0012576237125929265,0.03546299074518288,0.5469819721630809,0.5690112855003668,0.6034385898543685,0.6298280765580818,0.6407191543325219,0.37083777163052045,0.3649247032801909,0.003101435825459779,0.05569053622887626,0.2931261875426743,0.33998031163351805,0.3649247032801909,0.400031407920458,0.46332619445588596
