cluster,ins_mean,ins_median,ins_var,ins_std,ins_p05,ins_p25,ins_p50,ins_p75,ins_p95,del_mean,del_median,del_var,del_std,del_p05,del_p25,del_p50,del_p75,del_p95
A,0.5712078092636739,0.5652851902047948,0.0035668213776520814,0.05972287147862267,0.4797869857181984,0.5479527939019935,0.5652851902047948,0.603525944306458,0.6622656684902894,0.3878122078385539,0.38395872303358325,0.0021916085928246373,0.04681461943479448,0.32204837064752806,0.3612916317543394,0.38395872303358325,0.41207077054616426,0.4652681191146789
