cluster,ins_mean,ins_median,ins_var,ins_std,ins_p05,ins_p25,ins_p50,ins_p75,ins_p95,del_mean,del_median,del_var,del_std,del_p05,del_p25,del_p50,del_p75,del_p95
A,0.5641382843804373,0.5782706919052617,0.003769398765270758,0.06139542951450668,0.464711639841505,0.5208810676706463,0.5782706919052617,0.6166384289719387,0.6355033572065774,0.45419236874878205,0.4595304341860271,0.0026950865830126804,0.05191422332090388,0.3856996038086963,0.4081761098815554,0.4595304341860271,0.4978223721257735,0.5257429574328365
