cluster,ins_mean,ins_median,ins_var,ins_std,ins_p05,ins_p25,ins_p50,ins_p75,ins_p95,del_mean,del_median,del_var,del_std,del_p05,del_p25,del_p50,del_p75,del_p95
AA,0.5176633348860873,0.5101841804841699,0.0023418734603962727,0.04839290712900262,0.4526267917602954,0.4796989726208948,0.5101841804841699,0.5672057008504543,0.5828872394259177,0.3367730587876277,0.3329572144122061,0.0008182807358511888,0.028605606720557227,0.2918230426598857,0.3199290162434717,0.3329572144122061,0.3562125947914071,0.3775095450865478
