cluster,ins_mean,ins_median,ins_var,ins_std,ins_p05,ins_p25,ins_p50,ins_p75,ins_p95,del_mean,del_median,del_var,del_std,del_p05,del_p25,del_p50,del_p75,del_p95
AC,0.6772764827817555,0.6697050820791727,0.0026912501611588914,0.05187726054022987,0.6136049509398678,0.6294996656491856,0.6697050820791727,0.7208047109737314,0.7542655588554403,0.41053373293503626,0.4015115657273452,0.0009853613720143828,0.031390466259907365,0.37251495216143937,0.38204883602757017,0.4015115657273452,0.4325444406460128,0.45968273990139585
AA,0.5308150577039693,0.5077203719043103,0.001968489112716939,0.04436765840921672,0.48207457611347054,0.49414896494829125,0.5077203719043103,0.5719213542537458,0.5970131029529053,0.5557376084492546,0.5619768574463453,0.0025082111591113393,0.05008204427847709,0.4734225942347574,0.5288017845758237,0.5619768574463453,0.6006801361764107,0.6196257232169922
AB,0.6928669052903019,0.7047289964839458,0.0024200192624982794,0.04919369128758564,0.6175133464987217,0.6581280667755278,0.7047289964839458,0.7318225967862511,0.7519031846408737,0.46603696538174566,0.46818396369847787,0.001359643412172128,0.03687334283967387,0.4117626915752311,0.44190714235810447,0.46818396369847787,0.4896686910426198,0.5182357147795119
