cluster,ins_mean,ins_median,ins_var,ins_std,ins_p05,ins_p25,ins_p50,ins_p75,ins_p95,del_mean,del_median,del_var,del_std,del_p05,del_p25,del_p50,del_p75,del_p95
AA,0.46631809171096295,0.4653147694539755,0.002413134849702152,0.04912366893567857,0.4020018918389493,0.4426087603683213,0.4653147694539755,0.4756156885126561,0.5465762143510815,0.45616442387864037,0.4481944564149692,0.0018961789597655148,0.04354513703923223,0.4012227722442001,0.42700302776446175,0.4481944564149692,0.48830647265793586,0.5201446096192676
