cluster,ins_mean,ins_median,ins_var,ins_std,ins_p05,ins_p25,ins_p50,ins_p75,ins_p95,del_mean,del_median,del_var,del_std,del_p05,del_p25,del_p50,del_p75,del_p95
A,0.4739056889401747,0.4650696193567095,0.0024085027577552963,0.049076499037271355,0.4105327186541654,0.4488355246564159,0.4650696193567095,0.49315056747052927,0.5588230831827543,0.4537271981159408,0.445642080476381,0.0021628597788099194,0.046506556299192044,0.3932058300107274,0.4224368319704722,0.445642080476381,0.4927229530576527,0.522284683794936
