cluster,ins_mean,ins_median,ins_var,ins_std,ins_p05,ins_p25,ins_p50,ins_p75,ins_p95,del_mean,del_median,del_var,del_std,del_p05,del_p25,del_p50,del_p75,del_p95
A,0.4159478684408681,0.3959738891132161,0.0030633806124365465,0.055347814884027235,0.36445062657092603,0.37570316801960263,0.3959738891132161,0.44012475702779186,0.5170103093305667,0.6581057289233402,0.6680835054062052,0.0023094491211926413,0.04805672815738334,0.579578887341919,0.6250394883630831,0.6680835054062052,0.6914565244075028,0.7146769777166349
