cluster,ins_mean,ins_median,ins_var,ins_std,ins_p05,ins_p25,ins_p50,ins_p75,ins_p95,del_mean,del_median,del_var,del_std,del_p05,del_p25,del_p50,del_p75,del_p95
AC,0.7505483596790682,0.7362775982407571,0.0014109913116695475,0.03756316429255591,0.7042595685923446,0.7315821417729842,0.7362775982407571,0.765502352811283,0.8165998277594306,0.6111014627731052,0.6293976908442388,0.004589670840464285,0.0677471094620596,0.5041307888449453,0.5750311312810401,0.6293976908442388,0.6546922486838574,0.6945398730557183
AA,0.8363312769276111,0.8291525663157627,0.0008941468066913853,0.02990228764980006,0.7956548810592743,0.8169450961124894,0.8291525663157627,0.8536963397446119,0.8856049058952857,0.5790325208822032,0.5837739315841911,0.0016210560921749676,0.04026234086804899,0.5154686360096339,0.5578257002388008,0.5837739315841911,0.6092034683772569,0.6262889528464397
AB,0.6289060740284395,0.6123206407211483,0.0028151829134387654,0.053058297310022734,0.5577053993961031,0.5898826703286336,0.6123206407211483,0.6772460598133756,0.6988273067992365,0.5423570955675057,0.5572173823983964,0.002690288596536181,0.05186799202336814,0.46139572347999336,0.5088139996946517,0.5572173823983964,0.5815179485891125,0.6114577086626367
