cluster,ins_mean,ins_median,ins_var,ins_std,ins_p05,ins_p25,ins_p50,ins_p75,ins_p95,del_mean,del_median,del_var,del_std,del_p05,del_p25,del_p50,del_p75,del_p95
AC,0.6613277725020432,0.6769467046638282,0.0032680181531184196,0.05716658248591059,0.5643941411774627,0.6355114605653753,0.6769467046638282,0.6940481126644471,0.7353809862889832,0.5005696179370953,0.5021721779490462,0.0008984645763105697,0.029974398681384247,0.45918499548431546,0.48306337269346755,0.5021721779490462,0.509211789765539,0.5507074803892864
AA,0.5396660442440941,0.5542270397189524,0.0020011419792404423,0.04473412544401022,0.48058404553750744,0.4994108297338613,0.5542270397189524,0.5680104025776742,0.6067504071524421,0.5247435901512952,0.5228636186837431,0.0022368356510856866,0.047295196913488866,0.4579014055900911,0.48242464544151953,0.5228636186837431,0.5670172900382253,0.5847058112697826
AB,0.5974497684447179,0.5996328546049006,0.0007901051632470784,0.028108809353067206,0.5537447204113907,0.5832514289956234,0.5996328546049006,0.6146101682000505,0.6389772328988252,0.48859082211762817,0.4878792147519188,0.0010451848844743076,0.03232931927019664,0.44082707893500406,0.4701326660214814,0.4878792147519188,0.5058322894365912,0.5378166626882257
