cluster,ins_mean,ins_median,ins_var,ins_std,ins_p05,ins_p25,ins_p50,ins_p75,ins_p95,del_mean,del_median,del_var,del_std,del_p05,del_p25,del_p50,del_p75,del_p95
A,0.5500559194127939,0.5591851995541739,0.002914091021220182,0.05398232137672649,0.47779703502363496,0.514211015157676,0.5591851995541739,0.5746436418889909,0.628799557211508,0.4006075504631374,0.394494830330941,0.002223280031236948,0.04715167050314281,0.3286886138679762,0.37046185437766044,0.394494830330941,0.4481941694929051,0.4603937405305797
