cluster,ins_mean,ins_median,ins_var,ins_std,ins_p05,ins_p25,ins_p50,ins_p75,ins_p95,del_mean,del_median,del_var,del_std,del_p05,del_p25,del_p50,del_p75,del_p95
AB,0.6119564069565328,0.6066155935547858,0.0007601469809462336,0.027570763154947917,0.576479245041336,0.5870793585296645,0.6066155935547858,0.6312865659583177,0.6534524970083785,0.33471424630841085,0.32944725539459696,0.001707189402687661,0.04131814858736607,0.2747540626325701,0.31725028730629123,0.32944725539459696,0.35665705075284737,0.3925318512553009
AC,0.5275322502950531,0.5236114078288818,0.0012656204207907318,0.03557555931803085,0.48227373510449456,0.49882883503876574,0.5236114078288818,0.5526752215683045,0.581082152869134,0.39363402506440753,0.3780457342117922,0.0021448906789123495,0.04631296447985542,0.33525242340182615,0.3696738416470634,0.3780457342117922,0.4223507086206646,0.47063275895698786
AA,0.5560041731874652,0.5594099985268222,0.0013961970747209615,0.037365720583456725,0.4977256756861833,0.5383882110117484,0.5594099985268222,0.5709470018563751,0.6084755702231377,0.3850456807928168,0.3981986396457614,0.004962239994471888,0.07044316854366993,0.2921272440116409,0.31798310637445515,0.3981986396457614,0.4482065847984008,0.4714688787258519
AD,0.5758303199144535,0.5882042098734058,0.0006615197373970439,0.025720025999151786,0.5336516276954304,0.5573533981610124,0.5882042098734058,0.5933196509103064,0.6048129214461441,0.37123602655933646,0.3683167706556447,0.0017164365506527003,0.04142989923536745,0.3091733994816134,0.3442132595934526,0.3683167706556447,0.40780520501489514,0.42366930294738026
AE,0.5619718070055345,0.5715899693795091,0.0009930502216640776,0.03151269937127059,0.5204438704613885,0.5347164184951205,0.5715899693795091,0.5823443393549891,0.6070397515619812,0.339144835216844,0.32373499448628473,0.003237382206714191,0.056897998266320325,0.2613142582759893,0.29644187982706927,0.32373499448628473,0.3869971223023538,0.4194517518735585
