cluster,ins_mean,ins_median,ins_var,ins_std,ins_p05,ins_p25,ins_p50,ins_p75,ins_p95,del_mean,del_median,del_var,del_std,del_p05,del_p25,del_p50,del_p75,del_p95
AC,0.7629819362763551,0.7513984298618687,0.0012093689176944057,0.03477598190841497,0.7263668844293099,0.735014680151012,0.7513984298618687,0.7784069228123457,0.8217362952087912,0.6868142317961324,0.7022443160546114,0.0020047101261354314,0.04477398939267565,0.6226506602061661,0.6503637276416535,0.7022443160546114,0.7188923515825572,0.7466390418794349
AA,0.6374134629951723,0.615034582392513,0.002959345811391546,0.054399869589839514,0.5679078984027661,0.6066763745487711,0.615034582392513,0.6662348225151178,0.7310953332376815,0.6966829484442634,0.6856169076236196,0.0016119365229003862,0.04014892928709789,0.6575816740104661,0.6684330782650871,0.6856169076236196,0.7168413554257295,0.7662689276972481
AB,0.8297581033680967,0.8376921692485031,0.0013029368168295356,0.036096216101269334,0.7796879535741185,0.8039448049151529,0.8376921692485031,0.8424316155900156,0.8861687132585017,0.7460480439694763,0.7386871055913667,0.002714785795254109,0.05210360635554999,0.6889127550214809,0.696590823301872,0.7386871055913667,0.7741290764190569,0.8305099084648621
