cluster,ins_mean,ins_median,ins_var,ins_std,ins_p05,ins_p25,ins_p50,ins_p75,ins_p95,del_mean,del_median,del_var,del_std,del_p05,del_p25,del_p50,del_p75,del_p95
A,0.5459402030165479,0.5513799429140586,0.00045438108584678114,0.021316216499341085,0.5183976492434823,0.5284779494626539,0.5513799429140586,0.5582374940955057,0.5767112921988939,0.37201196159875544,0.38048017693974073,0.002598658487569497,0.05097703882700031,0.30009040666469333,0.33181383565540923,0.38048017693974073,0.4090185369043272,0.4399973233716228
