cluster,ins_mean,ins_median,ins_var,ins_std,ins_p05,ins_p25,ins_p50,ins_p75,ins_p95,del_mean,del_median,del_var,del_std,del_p05,del_p25,del_p50,del_p75,del_p95
AC,0.7048899348518606,0.7165743826352576,0.002022976428244959,0.04497751024951202,0.6281249858385163,0.6799209903751211,0.7165743826352576,0.735573137789984,0.7611330804539266,0.539441961208142,0.5299666032542362,0.0028193632484318915,0.05309767648807141,0.48372310213510883,0.49395988054469775,0.5299666032542362,0.5796566690672332,0.6251303065138163
AA,0.6663144457665783,0.657270531629773,0.0017928683679211256,0.04234227636678413,0.606694406954928,0.6361710265181754,0.657270531629773,0.6984509156392691,0.7270208187819797,0.6963266730778649,0.6804071184722039,0.001986719378852274,0.04457263037843149,0.6461345101005747,0.6595907638093987,0.6804071184722039,0.7303282275128298,0.7685818071203275
AB,0.8604561876833746,0.8589058784594603,0.0005030635296398253,0.022429077770604506,0.8270823200582462,0.8489895200960522,0.8589058784594603,0.8741036275921613,0.8949382411130723,0.7329262030153437,0.7287744795372901,0.0008212030218129679,0.028656640099861113,0.6964586558638767,0.7124112433387715,0.7287744795372901,0.7521382724758667,0.7777050076391667
