cluster,ins_mean,ins_median,ins_var,ins_std,ins_p05,ins_p25,ins_p50,ins_p75,ins_p95,del_mean,del_median,del_var,del_std,del_p05,del_p25,del_p50,del_p75,del_p95
A,0.5719947694238124,0.5799713118267505,0.0009235145373151049,0.030389381983105628,0.5292872137746563,0.5474603925747967,0.5799713118267505,0.5918823299280994,0.6156932524420051,0.35026627444525227,0.339238162525248,0.0012828439075549059,0.03581681040454197,0.30552098120016935,0.3234875055174229,0.339238162525248,0.37354397949609713,0.40978800076309546
