cluster,ins_mean,ins_median,ins_var,ins_std,ins_p05,ins_p25,ins_p50,ins_p75,ins_p95,del_mean,del_median,del_var,del_std,del_p05,del_p25,del_p50,del_p75,del_p95
A,0.5880582710493467,0.5856311850802012,0.004284788601015974,0.06545829665532074,0.48295263484049566,0.553398425800746,0.5856311850802012,0.6446800466201739,0.6709153415707105,0.4518086743588539,0.4672725622749479,0.0016206091765713748,0.040256790440512946,0.4064111269699743,0.4111558700330381,0.4672725622749479,0.47841036211040366,0.5115916134110801
