cluster,ins_mean,ins_median,ins_var,ins_std,ins_p05,ins_p25,ins_p50,ins_p75,ins_p95,del_mean,del_median,del_var,del_std,del_p05,del_p25,del_p50,del_p75,del_p95
AC,0.8629847527107465,0.870343889670474,0.0018107195911865567,0.04255255093630177,0.7929513642578541,0.8424512614764306,0.870343889670474,0.8860104155497622,0.919550229735769,0.3305855563052588,0.3226992433380986,0.0015805693914670465,0.03975637548201604,0.2846771998021327,0.2962403657034585,0.3226992433380986,0.3536954485163307,0.3985566923789895
AB,0.6988483727857027,0.6995101689268566,0.0012648450415744005,0.03556466000926201,0.6395792940355364,0.6916919610425709,0.6995101689268566,0.7144319105466133,0.7490794757821199,0.6084647930176329,0.606762303827277,0.0018901516460611604,0.04347587429898518,0.5381152984767124,0.5978579760341738,0.606762303827277,0.6319229095694625,0.6652502841397955
AA,0.8259209622973135,0.830074784285239,0.0031510615082941573,0.05613431667255029,0.746891400382991,0.7823167560086418,0.830074784285239,0.8670659687063988,0.9070532140246466,0.3132817718794109,0.29937753100491354,0.0013495182676175165,0.036735790009437885,0.2631948590329576,0.29064613994802213,0.29937753100491354,0.34579813641060975,0.3658214860613147
