cluster,ins_mean,ins_median,ins_var,ins_std,ins_p05,ins_p25,ins_p50,ins_p75,ins_p95,del_mean,del_median,del_var,del_std,del_p05,del_p25,del_p50,del_p75,del_p95
AB,0.8505335249737666,0.8558793796778109,0.0005753417880835101,0.023986283332011027,0.8124545725961758,0.834860729095886,0.8558793796778109,0.8631374042957192,0.8856920979649232,0.2773010285848777,0.282243619458082,0.0004145600782434525,0.02036074846962784,0.24514534617320266,0.2672706131364296,0.282243619458082,0.2933185630713454,0.30107956410379755
AA,0.8931906349934731,0.893402406572962,0.0004788622927670204,0.021882922400059377,0.8595223328104797,0.8847574851406198,0.893402406572962,0.9023986724534321,0.927170456407336,0.26741278302343613,0.2647619926890039,0.0004240957251022111,0.02059358456175639,0.24185050452835427,0.25441824238579464,0.2647619926890039,0.2742494702480679,0.3048677314776528
