cluster,ins_mean,ins_median,ins_var,ins_std,ins_p05,ins_p25,ins_p50,ins_p75,ins_p95,del_mean,del_median,del_var,del_std,del_p05,del_p25,del_p50,del_p75,del_p95
AC,0.8831213769046325,0.8947656821800349,0.001247407512768797,0.035318656723731676,0.8328245240842549,0.8515022820750946,0.8947656821800349,0.9133138942430565,0.9264977746750296,0.2938303506857458,0.28320705754993175,0.0011709796121864091,0.03421957936892868,0.2583611229493372,0.27076252186819916,0.28320705754993175,0.3077759313009987,0.35153737889306425
AB,0.7275086026793034,0.7262535123977202,0.0013961987113315123,0.037365742483343116,0.6806176534222375,0.6924736248489584,0.7262535123977202,0.7503409154450522,0.7864579151562867,0.5329530120809651,0.530703063640394,0.0010962287995709653,0.033109346106061435,0.48752810466116225,0.5122425531367895,0.530703063640394,0.5517429500316815,0.5831138543620293
AA,0.8517871635969829,0.861194899002622,0.0008329550866960924,0.02886096129196137,0.8054483708186441,0.8327486088441188,0.861194899002622,0.8742303819250705,0.8835447177014113,0.3000881087164022,0.29829760432878427,0.00032673329420795493,0.018075765383738385,0.27313568973064106,0.28938418512444164,0.29829760432878427,0.3170867274187811,0.3246498974103557
