cluster,ins_mean,ins_median,ins_var,ins_std,ins_p05,ins_p25,ins_p50,ins_p75,ins_p95,del_mean,del_median,del_var,del_std,del_p05,del_p25,del_p50,del_p75,del_p95
AC,0.9549602854265218,0.9570802309297093,0.0006272283395678623,0.02504452713803681,0.9190604447218079,0.9340460778466292,0.9570802309297093,0.9783320170246708,0.9840673846027701,0.3252125618675637,0.32750993638964876,0.0002037280188042892,0.014273332435149446,0.3037003424915373,0.3136339712891745,0.32750993638964876,0.33608845634463885,0.34424054832478923
AB,0.9539180213067534,0.9555725879326598,0.0005953961305411475,0.02440074036870905,0.9150024421277966,0.9387011618186065,0.9555725879326598,0.9754651739362353,0.9825976745274818,0.24174820755602153,0.24314548339924635,9.56487546014941e-05,0.009780018128893939,0.22690288912158185,0.23396254717294418,0.24314548339924635,0.24764291353552312,0.2553752847059939
AA,0.9802180920106504,0.983462513126425,0.00010411351124306116,0.0102036028560044,0.9618497422811909,0.9751470817140937,0.983462513126425,0.9879958187239082,0.989981406780617,0.3502228221941745,0.3475642944644538,5.427454904523214e-05,0.007367126240620025,0.3418047601413231,0.3444984335755672,0.3475642944644538,0.35543321901415503,0.36240141671531056
