cluster,ins_mean,ins_median,ins_var,ins_std,ins_p05,ins_p25,ins_p50,ins_p75,ins_p95,del_mean,del_median,del_var,del_std,del_p05,del_p25,del_p50,del_p75,del_p95
A,0.5242347917967707,0.5115346683724009,0.0022133051326018484,0.047045776990096023,0.4615677408106784,0.4883990363907694,0.5115346683724009,0.5654712549433882,0.5853653201592939,0.4830344619693933,0.5052758717856484,0.002010925175005046,0.04484334036403896,0.4032238555667743,0.4620523982246415,0.5052758717856484,0.5153997745397276,0.5268984874379454
