cluster,ins_mean,ins_median,ins_var,ins_std,ins_p05,ins_p25,ins_p50,ins_p75,ins_p95,del_mean,del_median,del_var,del_std,del_p05,del_p25,del_p50,del_p75,del_p95
AC,0.6594611091405935,0.6900648013385069,0.0046169428160918145,0.06794808912759662,0.5586343019300753,0.6045111121352162,0.6900648013385069,0.7177638933828125,0.7401247638572492,0.5700374864037855,0.5699673757230551,0.0037321657424814166,0.06109145392345329,0.481624691874485,0.5188661518154338,0.5699673757230551,0.6271866706352816,0.6487737020559167
AB,0.5262016501780745,0.5224408102415208,0.0029508541358175032,0.05432176484446638,0.4545526670108385,0.49712877087645957,0.5224408102415208,0.5452395216538888,0.6083022143287693,0.7129416739205113,0.7079169562188072,0.0030123021027441146,0.054884443176041374,0.6362750042367824,0.6986759564599427,0.7079169562188072,0.7234424484508266,0.7989700489663354
AA,0.6237336302143032,0.6305439409417053,0.0012715697898725874,0.03565907724370595,0.5707476113526772,0.5970515859929244,0.6305439409417053,0.6506103094729645,0.6722712530382569,0.8982160023351725,0.9011683169995186,0.0008072801272925758,0.028412675468751192,0.8567400293378287,0.8761357770588439,0.9011683169995186,0.9205469004231612,0.9358459001073263
