cluster,ins_mean,ins_median,ins_var,ins_std,ins_p05,ins_p25,ins_p50,ins_p75,ins_p95,del_mean,del_median,del_var,del_std,del_p05,del_p25,del_p50,del_p75,del_p95
AA,0.6843728922004364,0.6910512403675323,0.0016971426442588756,0.041196391155766,0.6232494053489801,0.65174031575535,0.6910512403675323,0.7212451118621765,0.7345913327163074,0.33060755287014637,0.32693305943525547,0.0010291782382905801,0.03208080794323267,0.2834699129506304,0.30599822919457065,0.32693305943525547,0.36134106758113127,0.3679500994141226
