cluster,ins_mean,ins_median,ins_var,ins_std,ins_p05,ins_p25,ins_p50,ins_p75,ins_p95,del_mean,del_median,del_var,del_std,del_p05,del_p25,del_p50,del_p75,del_p95
AA,0.5142768936747694,0.5084115472419968,0.003962282187671586,0.06294666144976702,0.4296996084081325,0.4676382780385743,0.5084115472419968,0.5516377199498135,0.6110607900989394,0.8230202721330727,0.8257617257831474,0.0014635396072367292,0.038256236187538484,0.7746429125781716,0.8006546131807355,0.8257617257831474,0.8370331279146617,0.8799496447232249
AB,0.576764693824923,0.5923344171476107,0.0025694239552658746,0.050689485648069806,0.4997565524019396,0.5395833187981213,0.5923344171476107,0.6178289994011458,0.6400209307789828,0.4857623508083657,0.4802121369977123,0.004342598997251219,0.06589839904922742,0.39134112415214894,0.4559419834127717,0.4802121369977123,0.5186636329228312,0.5794764535982002
