cluster,ins_mean,ins_median,ins_var,ins_std,ins_p05,ins_p25,ins_p50,ins_p75,ins_p95,del_mean,del_median,del_var,del_std,del_p05,del_p25,del_p50,del_p75,del_p95
AB,0.7373741019875962,0.7366874833377332,0.0016822394280765797,0.04101511219144207,0.6734631751866837,0.7227833255285365,0.7366874833377332,0.7547389776784759,0.7960831896552587,0.24338248593830486,0.24310714111563436,0.0004015048532938926,0.02003758601463491,0.21261841277444615,0.23081987947632704,0.24310714111563436,0.25678894805193114,0.2707580470467819
AA,0.6906142959719553,0.6874122103398862,0.00088800742644143,0.029799453458770515,0.651137555427389,0.6766180415795136,0.6874122103398862,0.6950320437122117,0.7445644676191122,0.2684508280893242,0.26232378404193624,0.0005923849872538293,0.02433896027470831,0.23914415634853672,0.24646316109283284,0.26232378404193624,0.2861593065087479,0.305762112477922
AC,0.6992251311873134,0.7078390945592238,0.0015173985019667836,0.038953799583182944,0.6550309065102818,0.663959062593118,0.7078390945592238,0.724877100931345,0.756052809498212,0.2766704683608041,0.26630517775552387,0.000660285491273612,0.025696020922968053,0.24721328770813383,0.2560798644399672,0.26630517775552387,0.2954994784390808,0.3170848827929289
