cluster,ins_mean,ins_median,ins_var,ins_std,ins_p05,ins_p25,ins_p50,ins_p75,ins_p95,del_mean,del_median,del_var,del_std,del_p05,del_p25,del_p50,del_p75,del_p95
AB,0.660268434679634,0.6661935423911747,0.0023616704917406917,0.048597021428691406,0.5942962892639192,0.6220007550071117,0.6661935423911747,0.6898375078326654,0.7368958573247464,0.25200903095342037,0.26939440775239526,0.0011388516561758944,0.033746876243230195,0.1942661805603065,0.23721256717746086,0.26939440775239526,0.2751370804038995,0.28314035151909334
AA,0.6895190630754127,0.6737477467350621,0.004515732226937715,0.06719919811231169,0.6051103510425573,0.6404927515636432,0.6737477467350621,0.7416081689562712,0.7928440104416561,0.2351318291138848,0.23543275627044097,0.0009133369268033494,0.030221464670054453,0.19230618287096823,0.21408476280846245,0.23543275627044097,0.26039550641942055,0.27779679033890264
AC,0.7268880862061621,0.727010805763469,0.002556035111028367,0.050557245880569555,0.6372822529599822,0.7109995310297016,0.727010805763469,0.7639342020867239,0.7881150174534863,0.25225370803757347,0.24501558537269597,0.000388117074831036,0.019700687166467976,0.23050314838424035,0.23853343173027844,0.24501558537269597,0.26148174683199077,0.2875292183892584
