cluster,ins_mean,ins_median,ins_var,ins_std,ins_p05,ins_p25,ins_p50,ins_p75,ins_p95,del_mean,del_median,del_var,del_std,del_p05,del_p25,del_p50,del_p75,del_p95
AA,0.5045854634404535,0.4941105802101513,0.001784702262067721,0.04224573661409777,0.43878151976797347,0.4906347898555971,0.4941105802101513,0.5310715068516104,0.5595063696351579,0.3184786909527048,0.32377080679411097,0.0009358839851870311,0.03059222099140615,0.27509317517756454,0.28894782122065743,0.32377080679411097,0.3409464963372508,0.35874116389939326
AC,0.5452151919756582,0.5287270723449963,0.0013795050692741917,0.03714168910098451,0.5004747410105721,0.5234505655385255,0.5287270723449963,0.5680004254510671,0.6039238577384599,0.45799755573410755,0.4577268104440751,0.003542407802544667,0.059518130032324326,0.3881417451022121,0.4176676317068241,0.4577268104440751,0.47855177664032267,0.5590159952726954
AB,0.5569931552019316,0.5685136438763663,0.0009718541998669187,0.03117457617782347,0.5054163172859187,0.5354129140915593,0.5685136438763663,0.5754679361361216,0.5954575929013024,0.514914312295561,0.5136211800954883,0.0006937374063945364,0.026338895314620477,0.47999254310301454,0.4952921153569466,0.5136211800954883,0.5350409120060527,0.5541982841173101
