cluster,ins_mean,ins_median,ins_var,ins_std,ins_p05,ins_p25,ins_p50,ins_p75,ins_p95,del_mean,del_median,del_var,del_std,del_p05,del_p25,del_p50,del_p75,del_p95
AB,0.6364832397967093,0.6312758411177686,0.002700727605690371,0.05196852514446,0.5554905612393506,0.6093801224020303,0.6312758411177686,0.6758866462446338,0.7089424086666765,0.4464370846761208,0.4536351724862655,0.00112477667212254,0.0335376903218236,0.39303327531820104,0.4227328464290743,0.4536351724862655,0.47425459671191295,0.4884206076752362
AA,0.7512220219730888,0.7562251335665708,0.001148409104146768,0.033888185317994944,0.6975772137054874,0.7379902692212481,0.7562251335665708,0.767730074528176,0.7948606505880851,0.43305601102399643,0.4389427416750718,0.0009056195047054048,0.030093512668105143,0.3908850922276712,0.41091575092914656,0.4389427416750718,0.45118782053169965,0.47734654551301836
AC,0.6681035517693575,0.6655593677060294,0.0003387829714780814,0.018406058010287846,0.6377307792159423,0.6578622837078418,0.6655593677060294,0.6854256589506925,0.6867618940893827,0.5472829234420874,0.571089030388877,0.0026789949154499724,0.051759008060916045,0.47610329278409247,0.4855701247752602,0.571089030388877,0.5914158571849293,0.6028796593017614
