cluster,ins_mean,ins_median,ins_var,ins_std,ins_p05,ins_p25,ins_p50,ins_p75,ins_p95,del_mean,del_median,del_var,del_std,del_p05,del_p25,del_p50,del_p75,del_p95
AB,0.5561174748612896,0.5551811026857928,0.0006047382408421067,0.024591426165273676,0.5241750143021429,0.5362343515870058,0.5551811026857928,0.5761603620728153,0.5910277613584927,0.36876596499611236,0.35703514317318114,0.0010041960145492695,0.03168905196671667,0.32807766541717526,0.3480953899056751,0.35703514317318114,0.3916005411742937,0.418287843466696
AA,0.546230786518699,0.5417993200817921,0.00112748858888759,0.03357809686220453,0.49643185704980525,0.5227239480804832,0.5417993200817921,0.572299111428509,0.5915852242872146,0.2781552012987056,0.28102819545788066,0.0006663774229634938,0.02581428718681757,0.2368265414246271,0.2672181625637928,0.28102819545788066,0.2910164560537698,0.314287843926355
AC,0.6545908327077338,0.676424358326381,0.0016522045561066872,0.04064731917490608,0.5943192139097382,0.6153423281875914,0.676424358326381,0.6873330490494223,0.7006328073772721,0.371962740524962,0.3661057709180995,0.0017602302358105464,0.04195509785247255,0.31854846831261896,0.3546591128446872,0.3661057709180995,0.3738133924458378,0.4500637172506562
