cluster,ins_mean,ins_median,ins_var,ins_std,ins_p05,ins_p25,ins_p50,ins_p75,ins_p95,del_mean,del_median,del_var,del_std,del_p05,del_p25,del_p50,del_p75,del_p95
AC,0.5414216585030295,0.5367774251648064,0.0036291371413434107,0.06024232018559221,0.4489578852699597,0.5058579530216185,0.5367774251648064,0.5880976807558475,0.6255719967486721,0.538622886712473,0.5066036260819271,0.002715747936858169,0.052112838503176634,0.47891281564580634,0.4987813822120324,0.5066036260819271,0.5835306483009165,0.6109663320425505
AA,0.7583327685997926,0.7629865085962542,0.0005342682215837358,0.023114242829557187,0.7215579533312204,0.7413391932770774,0.7629865085962542,0.7780451396766155,0.7858320091619464,0.5091541711286643,0.5111285533794083,0.0007492469266556921,0.027372375246874213,0.4662898070592537,0.4957172252567067,0.5111285533794083,0.5266311927885394,0.5416385306261717
AB,0.6559422360504062,0.6610786351546204,0.0024197557795109866,0.04919101319866248,0.5657887468655436,0.6388578795084509,0.6610786351546204,0.6930379904000218,0.7046391461693011,0.4418354407527023,0.43799715212751494,0.0007703200814459693,0.027754640719093615,0.4022896556287857,0.4246980507168092,0.43799715212751494,0.4645626097928867,0.482789455744514
