cluster,ins_mean,ins_median,ins_var,ins_std,ins_p05,ins_p25,ins_p50,ins_p75,ins_p95,del_mean,del_median,del_var,del_std,del_p05,del_p25,del_p50,del_p75,del_p95
AA,0.6149109819118593,0.6253065194707804,0.0024884367488093215,0.049884233469196675,0.5368723933835347,0.5851511868277437,0.6253065194707804,0.655836834241951,0.6690579183222745,0.29762408338994734,0.29044339585226603,0.003148136721811803,0.0561082589447561,0.23494008490109264,0.25015964838513494,0.29044339585226603,0.33354633173138365,0.3923846606695811
