cluster,ins_mean,ins_median,ins_var,ins_std,ins_p05,ins_p25,ins_p50,ins_p75,ins_p95,del_mean,del_median,del_var,del_std,del_p05,del_p25,del_p50,del_p75,del_p95
AA,0.6743381656750866,0.6747445303739189,0.002702120191479028,0.05198192177554643,0.5795636584955011,0.6693653255516447,0.6747445303739189,0.7046281632140443,0.7347654403295079,0.34052307752946664,0.34633203781163546,0.0016999333235255972,0.04123024767722839,0.2784214554017226,0.3149216056840781,0.34633203781163546,0.3694533367356881,0.3988187148580856
