cluster,ins_mean,ins_median,ins_var,ins_std,ins_p05,ins_p25,ins_p50,ins_p75,ins_p95,del_mean,del_median,del_var,del_std,del_p05,del_p25,del_p50,del_p75,del_p95
A,0.6821809520162977,0.6843079628585003,0.002240975231143244,0.04733893990303589,0.6264332022268226,0.6437446828648912,0.6843079628585003,0.6953306505966447,0.7613364917539769,0.26734803684522235,0.262777228993762,0.0005154985706834129,0.02270459360313267,0.23852987454991426,0.2491102188625388,0.262777228993762,0.2926947666739743,0.297534712097846
