cluster,ins_mean,ins_median,ins_var,ins_std,ins_p05,ins_p25,ins_p50,ins_p75,ins_p95,del_mean,del_median,del_var,del_std,del_p05,del_p25,del_p50,del_p75,del_p95
AC,0.6267022080595667,0.6222716395307862,0.0006637492970616459,0.025763332413755134,0.589896869451344,0.6150384582527784,0.6222716395307862,0.6443834429800609,0.6654220345352051,0.4342928247536417,0.4185589407205823,0.0012556654388821574,0.03543536988493499,0.38801189553613175,0.4069957322873661,0.4185589407205823,0.46339588877595483,0.48568941712292546
AA,0.7369108132321109,0.7258825823847205,0.0034070770302581433,0.058370172436426324,0.6909838049147095,0.7024157103597368,0.7258825823847205,0.743299535499935,0.8296399729743178,0.2938641559673496,0.30021114177192737,0.000999836817075794,0.03162019634783747,0.24246461571630337,0.2759417561536303,0.30021114177192737,0.3153725178439988,0.3334656588164535
AB,0.5742784580104018,0.5856691086585929,0.004912244686087555,0.0700874074715819,0.46783950949962255,0.5182620268629428,0.5856691086585929,0.6385035646342561,0.6633214957436276,0.3856327618478984,0.3963400532283041,0.001576440273012876,0.039704411253825136,0.32864713017710034,0.34760401393053775,0.3963400532283041,0.4113028192586531,0.4382379508670795
