cluster,ins_mean,ins_median,ins_var,ins_std,ins_p05,ins_p25,ins_p50,ins_p75,ins_p95,del_mean,del_median,del_var,del_std,del_p05,del_p25,del_p50,del_p75,del_p95
AC,0.6504814998667778,0.6713962974471112,0.002733094102931957,0.05227900250513543,0.5607517382774376,0.6251261827682344,0.6713962974471112,0.6820997068130126,0.7146316689817158,0.5054097153788314,0.4981793387934684,0.0008287175633040797,0.028787454963995682,0.47069352490576816,0.489812843858641,0.4981793387934684,0.517969293927567,0.5545596931843704
AA,0.719753848107835,0.7209436498875421,0.0008028044112612401,0.028333803332084455,0.678575249411558,0.6998570655464482,0.7209436498875421,0.7376636093448583,0.7616000889851431,0.5886542019549448,0.5807609600055799,0.0007829805303645926,0.027981789263100968,0.5518832100980524,0.5676604474611915,0.5807609600055799,0.6078167413470072,0.6313336620746768
AB,0.6608641404730907,0.6567146968288374,0.004097909717941575,0.06401491793278795,0.5597652596593388,0.6290850673304327,0.6567146968288374,0.7077852472965273,0.7476143879471722,0.444602458522078,0.447269241741176,0.0022602576272368093,0.047542166833631064,0.3807005820536847,0.4033481878828995,0.447269241741176,0.48176966192915094,0.5122562087066034
