cluster,ins_mean,ins_median,ins_var,ins_std,ins_p05,ins_p25,ins_p50,ins_p75,ins_p95,del_mean,del_median,del_var,del_std,del_p05,del_p25,del_p50,del_p75,del_p95
AC,0.6673087095703862,0.6649933756441178,0.0012273475428591423,0.03503352027500437,0.6212185111286279,0.6512739137782302,0.6649933756441178,0.6780143064601841,0.723654912633711,0.42983205848783074,0.4355016647239978,0.0019382116538850629,0.044025125256892374,0.3715543938779791,0.3944982038790462,0.4355016647239978,0.4655498287401161,0.4899862662065895
AA,0.48189080546573015,0.4831964724324799,0.002026029159582892,0.04501143365393833,0.4188638127846783,0.4474450673397894,0.4831964724324799,0.5235576580036606,0.5425392453161815,0.4522450697232395,0.451447030091844,0.0013765179051162509,0.03710145421834905,0.4030167089378326,0.4241783137364981,0.451447030091844,0.48185011735832073,0.5065027581817706
AB,0.7120600078991335,0.7013513813191368,0.0014254348893004136,0.03775493198643607,0.6612440650741849,0.6882720794988763,0.7013513813191368,0.7529896631925437,0.7593257411432949,0.32517239816411747,0.3312963089482395,0.00029080541195634544,0.017053017678884445,0.3002070715782026,0.31389979212270247,0.3312963089482395,0.3332243287029756,0.34795127480190297
