cluster,ins_mean,ins_median,ins_var,ins_std,ins_p05,ins_p25,ins_p50,ins_p75,ins_p95,del_mean,del_median,del_var,del_std,del_p05,del_p25,del_p50,del_p75,del_p95
AA,0.43625102086199746,0.45454534206849245,0.001565480980003943,0.03956615953063859,0.3835389400361951,0.3963261071268823,0.45454534206849245,0.461699330980507,0.4911215244206131,0.5271499524686761,0.5386522945258412,0.002665183890323287,0.051625419032907495,0.4571690646647819,0.4930230888209497,0.5386522945258412,0.5516842850984767,0.607422479541109
