cluster,ins_mean,ins_median,ins_var,ins_std,ins_p05,ins_p25,ins_p50,ins_p75,ins_p95,del_mean,del_median,del_var,del_std,del_p05,del_p25,del_p50,del_p75,del_p95
A,0.6755974826818361,0.6687487916079774,0.0011111446307013623,0.03333383612339513,0.6270040179068719,0.652862566370191,0.6687487916079774,0.7004798805945474,0.7222498656513112,0.25156362635507756,0.261283983889186,0.0009972023600942415,0.03157851104935509,0.20937178214810442,0.21871320705922448,0.261283983889186,0.274326098916815,0.2919145236252143
