cluster,ins_mean,ins_median,ins_var,ins_std,ins_p05,ins_p25,ins_p50,ins_p75,ins_p95,del_mean,del_median,del_var,del_std,del_p05,del_p25,del_p50,del_p75,del_p95
A,0.5057056193524665,0.5160001062027225,0.002276074860012479,0.047708226334799736,0.4421776098891345,0.4762899756458356,0.5160001062027225,0.5184565027334451,0.5822016925281727,0.4872824750902593,0.48848148950061837,0.003808302781977285,0.0617114477384649,0.38786804762333404,0.47016804747011,0.48848148950061837,0.5286207289626353,0.5543335841303203
